Andersen;39034
Andreassen;12525
Amundsen;7201
Andresen;6699
Aas;5970
Arnesen;5411
Antonsen;5237
Aasen;4445
Aune;4240
Abrahamsen;4020
Ali;2807
Ahmed;2444
Aase;2421
Arntsen;2037
Andersson;2035
Arntzen;2005
Aamodt;1928
Aasheim;1497
Aronsen;1301
Ask;1266
Austad;1171
Askeland;1146
Ahmad;1118
Alstad;1025
Aasland;1015
Aslaksen;1008
Almås;962
Akselsen;936
Adolfsen;936
Aksnes;912
Aarseth;856
Alvestad;839
Anderssen;833
Aakre;823
Asbjørnsen;815
Akhtar;784
Albertsen;769
Amdal;743
Albrigtsen;741
Aga;708
Abdi;707
Aarnes;650
Abelsen;647
Alme;643
Aaserud;634
Angell;618
Anderson;615
Alnes;604
Aanonsen;604
Aarstad;571
Auestad;566
Aass;538
Aske;522
Aadland;515
Alsaker;511
Alexandersen;503
Aarvik;502
Apeland;497
Aspelund;496
Aasbø;495
Arvesen;491
Aardal;482
Aasgaard;478
Aleksandersen;465
Alm;462
Aure;457
Aanensen;457
Aalberg;445
Austrheim;438
Asheim;434
Aarhus;424
Aspen;422
Alfsen;421
Angelsen;414
Alfredsen;412
Axelsen;411
Aarø;391
Aanes;386
Ausland;383
Aasebø;381
Aulie;373
Arneberg;373
Anda;373
Aaberg;370
Aanestad;358
Arnøy;353
Anfinsen;349
Asphaug;348
Anthonsen;348
Aker;347
Austbø;344
Arnestad;342
Aakvik;342
Abbas;338
Alfheim;335
Augestad;333
Aagaard;331
Aziz;327
Aslam;324
Aamot;324
Aaland;321
Aaslund;318
Almli;316
Angeltveit;313
Aarskog;313
Aspaas;312
Aksdal;311
Abdullah;301
Aarrestad;301
Askim;299
Ashraf;296
Austnes;295
Aunan;295
Astrup;295
Aspenes;293
Amin;288
Aarsland;285
Alvheim;284
Algrøy;278
Anwar;275
Aaby;274
Askvik;273
Aagesen;273
Aarum;271
Asp;268
Aurdal;262
Aasberg;258
Aurstad;257
Anti;256
Aglen;256
Afzal;256
Ahmadi;255
Askildsen;248
Akram;246
Aa;243
Alnæs;239
Aukland;238
Aanerud;237
Aanstad;236
Aabel;233
Andorsen;231
Alsvik;231
Aalvik;230
Angvik;228
Aabø;227
Aaseth;226
Almaas;225
Arctander;220
Arshad;219
Ahlsen;218
Aarflot;218
Aae;217
Alver;214
Andvik;212
Aarset;211
Alvær;209
Aam;209
Amble;208
Aden;208
Aandal;208
Aarsand;201
Aspås;200
Amlie;200
Allum;200
Berg;18543
Bakken;8083
Bakke;6895
Berge;6797
Berntsen;5681
Birkeland;4657
Bøe;4245
Brekke;3960
Bjerke;3620
Bråthen;3506
Bjørnstad;3117
Bråten;3003
Breivik;2650
Bye;2531
Bø;2394
Berger;2211
Borge;2197
Borgen;2149
Børresen;1891
Berget;1845
Brevik;1723
Bjelland;1628
Bolstad;1616
Bergersen;1579
Bredesen;1563
Bendiksen;1550
Bjørnsen;1413
Braathen;1359
Bugge;1328
Bergan;1326
Bang;1319
Bjørge;1258
Bjørklund;1226
Berglund;1166
Borgersen;1144
Bentsen;1142
Benjaminsen;1141
Bekken;1123
Bekkevold;1119
Barstad;1116
Bertelsen;1099
Brenden;1096
Bergh;1040
Bergli;1030
Blindheim;1015
Berntzen;1008
Bruun;1007
Brenna;1006
Brun;997
Bjørndal;981
Bergum;957
Bergheim;939
Bjerknes;926
Blom;918
Bratland;911
Bårdsen;892
Braaten;852
Bergstrøm;840
Brustad;833
Bjerkan;829
Begum;782
Bentzen;779
Bekkelund;778
Bjørke;749
Byberg;747
Brandal;742
Buer;730
Bratlie;730
Birkelund;716
Beck;714
Borg;707
Bergesen;701
Bøhn;693
Brandt;678
Bruland;673
Bertheussen;673
Berentsen;667
Bogen;662
Brenne;654
Bjordal;650
Bull;636
Bech;628
Bore;604
Brynildsen;599
Bruvik;597
Butt;590
Blix;588
Brovold;584
Bergseth;580
Bergmann;576
Brekken;574
Bauge;573
Berland;572
Bratli;569
Boge;554
Bjørkli;551
Bru;546
Bjørdal;541
Bjørsvik;533
Bremnes;522
Bjørnerud;521
Botten;519
Berthelsen;516
Bryn;493
Bernhardsen;480
Bergland;480
Bøen;478
Bjørgum;475
Bergerud;475
Bjørk;471
By;466
Bjørnestad;465
Bjørvik;459
Bach;459
Bakka;458
Bergene;457
Brakstad;450
Børve;436
Bratberg;433
Bjørgan;429
Borlaug;428
Brox;423
Bunes;422
Botnen;420
Braut;419
Baardsen;410
Bolme;407
Blakstad;400
Bjerga;397
Bjørgen;385
Berdal;384
Bryhn;381
Brandtzæg;378
Busch;375
Brunstad;372
Bøhler;371
Bue;368
Borch;364
Bjørseth;363
Bibi;359
Bævre;354
Bjerkestrand;353
Bjørkhaug;348
Berggren;347
Bjørnevik;346
Bækken;345
Bøyum;340
Berstad;338
Berisha;338
Bjørndalen;335
Birkenes;334
Bjerkelund;333
Bakk;333
Bui;332
Bjørlo;330
Bjerkeli;329
Brønstad;327
Betten;325
Buvik;322
Bjerk;322
Bjørkedal;319
Baltzersen;316
Barth;314
Børseth;313
Bjørn;313
Brøndbo;326
Bostad;311
Bergset;311
Bragstad;307
Blomberg;307
Bjørkås;306
Bergem;306
Bakkerud;306
Broen;303
Brynjulfsen;302
Brodahl;301
Breen;301
Bjørheim;298
Brattli;292
Braseth;292
Bjune;292
Bryne;291
Bratsberg;291
Bruvoll;290
Bjørnå;290
Breistein;288
Birkedal;288
Berre;288
Backe;288
Boye;283
Børstad;282
Byrkjeland;281
Bredal;281
Bjerkås;281
Bastiansen;281
Borgan;280
Brunes;277
Bjerkli;277
Bjønnes;276
Bendixen;276
Brobakken;275
Brown;271
Blystad;271
Bergo;271
Brunvoll;270
Bilstad;270
Bu;267
Bashir;267
Bruheim;264
Baumann;264
Buljo;263
Brattås;263
Borchgrevink;263
Bjørgo;262
Bartnes;261
Bremseth;260
Balstad;260
Bratvold;258
Bjorøy;258
Bergquist;258
Belsvik;257
Ballestad;256
Bergman;254
Brekka;253
Bergseng;253
Bjørnø;252
Bakker;252
Buan;251
Brænden;249
Bøthun;248
Brevig;242
Buene;240
Brastad;239
Bhatti;236
Brunborg;235
Bjørkmo;235
Bauer;234
Broch;232
Bakkejord;228
Bergsvik;225
Bodin;224
Bjørnøy;223
Barka;222
Bringedal;221
Brataas;221
Brandvik;220
Buvarp;219
Bakkehaug;218
Brække;216
Benonisen;215
Bonsaksen;214
Bones;213
Becker;212
Borsheim;211
Bakkeli;211
Brudvik;210
Buseth;209
Bødtker;208
Brudevoll;208
Bell;208
Brænd;207
Blomvik;207
Birkeli;207
Bakkan;207
Børsheim;206
Brubakken;205
Bjørshol;204
Bjørkum;204
Bakkelund;203
Bakketun;202
Bærheim;200
Bergtun;200
Bakstad;200
Christensen;6387
Christiansen;3939
Carlsen;2904
Christoffersen;1424
Clausen;1217
Corneliussen;752
Caspersen;471
Christophersen;436
Carlsson;431
Claussen;347
Chen;295
Carlson;242
Chaudhry;241
Cappelen;221
Celius;214
Dahl;11711
Danielsen;5537
Dahle;3306
Dale;3195
Dalen;2503
Davidsen;1857
Dahlen;1203
Didriksen;1134
Dybvik;898
Dokken;728
Drange;678
Dammen;607
Dahlberg;576
Dreyer;538
Dyrnes;528
Dybdahl;480
Dalland;456
Djupvik;452
Dørum;446
Dalheim;421
Dalby;390
Dimmen;369
Dahlstrøm;365
Daae;359
Ditlefsen;355
Dyb;353
Dirdal;346
Digernes;344
Dyrstad;338
Do;321
Dang;320
Dyrdal;313
Drage;307
Dalene;307
Dyngeland;301
Dehli;301
Drønen;295
Dagsland;293
Drabløs;292
Dagestad;291
Due;285
Dybdal;283
Dvergsdal;283
Dyrseth;275
Drivenes;269
Dalhaug;265
Duong;258
Digre;253
Dyrøy;251
Devik;251
Dyrhaug;250
Devold;245
Djønne;225
Daleng;223
Dragland;221
Dyrkorn;219
Dybwad;219
Derås;216
Dalseth;215
Drevland;205
Doan;204
Djuve;204
Drageset;202
Diesen;202
Dalaker;201
Dramstad;200
Eriksen;19831
Eide;8265
Evensen;6163
Edvardsen;5083
Ellingsen;5045
Eliassen;4361
Engen;3849
Eilertsen;3362
Engebretsen;2942
Egeland;2413
Enger;2187
Eikeland;2089
Ellefsen;1937
Eggen;1883
Endresen;1622
Espeland;1568
Erlandsen;1370
Engh;1194
Ervik;1136
Enoksen;1103
Eriksson;1085
Evjen;1056
Eidem;1031
Eng;939
Einarsen;916
Erichsen;891
Eik;868
Engan;839
Eikrem;806
Egge;802
Espedal;787
Ekeberg;780
Erdal;712
Erstad;704
Enge;639
Engelsen;635
Elstad;618
Eie;594
Eid;583
Ek;574
Engelstad;562
Eira;537
Elvestad;495
Edland;481
Emilsen;480
Eek;471
Erga;469
Eiken;465
Egeberg;456
Eikenes;447
Eidissen;445
Erikstad;436
Eike;433
Eskeland;422
Engeset;420
Eikemo;416
Espeseth;410
Ekeland;405
Enersen;403
Erland;402
Ekren;398
Espe;392
Engebakken;387
Ege;382
Eklund;378
Ersland;376
Elverum;366
Engstrøm;356
Elde;354
Eknes;343
Engevik;341
Engedal;339
Engdal;338
Eggum;336
Eikås;333
Eckhoff;331
Engeseth;319
Ebbesen;316
Ekrem;312
Ekerhovd;312
Egeli;312
Espenes;309
Engum;307
Espelid;305
Elvebakk;302
Eidsvik;286
Elmi;280
Ekre;279
Engvik;275
Evenstad;263
Evju;261
Ernstsen;261
Ekroll;261
Eidet;256
Engeland;255
Ekeli;255
Eriksrud;244
Endal;244
Elvenes;243
Eltvik;243
Ekelund;243
Emblem;241
Edvartsen;237
Emanuelsen;236
Elnes;236
Evje;235
Ensrud;229
Elden;229
Evenrud;225
Eskedal;225
Evertsen;224
Engelund;223
Eggan;222
Eldevik;219
Einan;217
Ekstrøm;214
Eeg;211
Evanger;210
Engebråten;210
Elton;210
Einvik;210
Engenes;209
Emberland;209
Englund;205
Engstad;200
Eidsvåg;200
Fredriksen;6953
Foss;3180
Fossum;2678
Fjeld;2615
Fosse;2108
Finstad;1775
Fjeldstad;1749
Farstad;1533
Frantzen;1404
Fredheim;1300
Frydenlund;1099
Fossen;1036
Fagerli;1027
Førde;1000
Flaten;969
Furnes;954
Falch;893
Furuseth;891
Fjellstad;851
Fjellheim;832
Førland;814
Forsberg;800
Fagerheim;780
Fossheim;770
Fauske;742
Fjørtoft;727
Fjell;722
Folkestad;632
Furulund;624
Frøyland;614
Fuglestad;612
Fjelde;571
Fjeldheim;554
Fremstad;546
Forberg;533
Fylling;532
Fagerland;525
Fure;520
Fevang;516
Fjeldberg;513
Furu;509
Finne;509
Flåten;505
Fotland;491
Finsrud;489
Frogner;486
Friis;477
Fornes;475
Frafjord;472
Friestad;454
Fossdal;441
Falck;437
Frostad;430
Farah;424
Frøland;420
Fauskanger;416
Flo;408
Fjelldal;398
Flem;395
Fiksdal;385
Fiske;384
Fossli;379
Follestad;354
Flø;350
Flatland;346
Ferkingstad;346
Forseth;344
Fiskerstrand;338
Flatebø;337
Frigstad;334
Formo;334
Furre;331
Friberg;330
Flaa;330
Frøyen;327
Folkvord;326
Finseth;321
Fagernes;321
Frydenberg;320
Forbord;317
Fossan;316
Forsmo;316
Folgerø;314
Fiskvik;312
Furunes;308
Fjermestad;308
Fjellanger;305
Fjellvang;302
Fiskum;301
Fuglerud;298
Feragen;298
Farestveit;298
Fallet;298
Forland;296
Fjellestad;295
Fjærli;290
Fardal;290
Frøseth;288
Framnes;285
Fossland;285
Flatås;279
Frøiland;276
Furseth;275
Fosshaug;275
Fylkesnes;274
Finnerud;274
Fanebust;269
Følstad;266
Fossmo;265
Fonn;265
Fischer;262
Furset;261
Figenschou;259
Fidje;256
Frøystad;254
Flønes;253
Fløtre;252
Fagervik;252
Fretheim;251
Fadnes;251
Fagerhaug;247
Fiskå;243
Fossmark;242
Folland;242
Fleischer;242
Fimreite;242
Førre;240
Furuheim;239
Fagermo;239
Frøshaug;238
Frøysa;235
Fossnes;235
Flatøy;234
Folkedal;232
Fosen;231
Fagerås;231
Flesland;227
Fyhn;226
Flatmo;226
Fjær;226
Figenschau;225
Fidjeland;225
Ferstad;225
Falk;221
Fagereng;221
Finnesand;220
Føreland;216
Fonnes;216
Finnøy;215
Førsund;213
Fykse;209
Frivold;207
Fjæreide;206
Furuli;204
Fimland;204
Fagervold;204
Fagertun;204
Foldnes;203
Fløysvik;203
Fosser;200
Gundersen;10787
Gulbrandsen;5007
Gjerde;3378
Gustavsen;3171
Gabrielsen;3072
Gran;1805
Gjertsen;1641
Grimstad;1586
Gulliksen;1565
Grande;1526
Guttormsen;1324
Grønvold;1230
Gravdal;1110
Gjerstad;990
Granli;968
Gregersen;964
Gilje;963
Grindheim;923
Grønli;872
Grønning;772
Gaustad;735
Giske;730
Granheim;719
Gjesdal;713
Granum;696
Grøndahl;665
Granlund;641
Gudmundsen;635
Gjelsvik;630
Granberg;615
Gaarder;600
Green;596
Greiner;114
Gudbrandsen;580
Grønås;550
Grimsrud;543
Groven;527
Grov;510
Grinde;507
Gamst;504
Gerhardsen;491
Grytten;489
Grødem;484
Godø;484
Gaup;478
Garberg;456
Gullaksen;450
Granås;444
Grini;439
Grude;435
Garnes;421
Granerud;412
Gustad;411
Gramstad;407
Gashi;390
Gudmestad;382
Grønlund;379
Grøtte;377
Gram;377
Goa;369
Garvik;355
Grønstad;353
Gustafsson;350
Grøtting;342
Guddal;335
Graff;335
Gjelstad;328
Gjendem;321
Grongstad;320
Gilberg;315
Gunnerud;312
Gjessing;312
Grønseth;310
Gill;309
Grøstad;304
Grønnevik;300
Glesnes;298
Gåsland;292
Grønningsæter;292
Grønn;292
Granly;288
Grue;286
Gausdal;285
Gjerdrum;284
Grav;283
Groth;278
Gjestvang;272
Guttorm;267
Grotle;266
Greve;266
Grønbech;262
Grøneng;261
Gjersøe;260
Gjønnes;257
Gjengedal;256
Grindhaug;253
Grebstad;253
Gunnes;251
Grønvik;251
Giæver;248
Grønnestad;247
Guldberg;244
Grønhaug;244
Grøndal;243
Gjelsten;239
Glad;236
Gjermundsen;236
Gravem;235
Gunnarsen;234
Gunnerød;233
Gjengstø;232
Guldahl;229
Grøtan;229
Gustavson;227
Gangstad;227
Gården;226
Gjøsund;223
Grøndalen;222
Garshol;222
Grannes;221
Granmo;221
Gleditsch;221
Grøterud;220
Grønlie;218
Gjestad;217
Gjerdingen;217
Grimsmo;216
Gjeruldsen;215
Gunnestad;214
Gjerløw;213
Georgsen;213
Gulli;212
Grøtterud;211
Grinden;211
Gloppen;210
Gjøen;207
Gillebo;207
Gilde;207
Gussiås;204
Gjervik;204
Grønlien;203
Grønberg;201
Gule;200
Hansen;57782
Haugen;14708
Hagen;14427
Halvorsen;12003
Henriksen;11460
Holm;6540
Hauge;6240
Hanssen;6023
Haugland;5599
Haug;5165
Helland;4029
Hermansen;3520
Helgesen;3490
Hovland;3383
Hoel;2963
Hammer;2963
Håland;2916
Holmen;2800
Hoff;2799
Haga;2329
Hamre;2174
Haaland;2126
Holen;2108
Helle;2064
Haugan;2048
Hole;1966
Husby;1845
Hetland;1782
Holte;1671
Holt;1588
Haraldsen;1450
Holter;1444
Hjelle;1411
Håkonsen;1404
Hovde;1367
Holst;1293
Hussain;1269
Høyland;1234
Hope;1233
Holthe;1211
Hassan;1200
Hovden;1191
Horn;1045
Huseby;1042
Heimdal;1038
Huse;1037
Haugerud;1034
Handeland;1008
Hoem;992
Hågensen;988
Hopland;986
Holten;982
Heggelund;967
Hove;959
Hustad;946
Hvidsten;914
Helgeland;894
Hillestad;877
Hofstad;873
Haldorsen;858
Holstad;855
Hernes;850
Høvik;846
Haukås;845
Holth;844
Haugstad;841
Husebø;835
Herland;834
Hals;820
Haagensen;807
Holand;801
Høiland;765
Holme;764
Holtet;745
Helmersen;745
Holtan;731
Hodne;726
Hellerud;720
Hegge;709
Heggen;707
Hauger;696
Hov;693
Hansson;692
Høie;689
Henden;686
Halland;685
Heggem;678
Hussein;676
Holden;672
Hage;667
Heitmann;665
Huynh;664
Haukeland;657
Haugli;634
Hellum;625
Homme;621
Hestnes;615
Hogstad;599
Heiberg;599
Hjelmeland;594
Harstad;591
Henningsen;590
Hovda;582
Haave;578
Holberg;565
Håvik;564
Hegna;561
Høydal;550
Hauan;545
Helseth;541
Hem;533
Halle;531
Hassel;529
Heggland;528
Heier;526
Hårstad;522
Høyvik;511
Hafstad;508
Horgen;507
Hætta;502
Høiby;501
Horpestad;492
Haukland;490
Hadland;490
Hestad;489
Heen;483
Husøy;477
Hammerstad;476
Holgersen;475
Heggdal;473
Hasle;473
Holmsen;471
Horne;470
Hellem;464
Hovind;460
Haram;460
Heldal;458
Haavik;458
Hagerup;457
Hognestad;455
Holmedal;446
Hartvigsen;445
Hunstad;444
Holmberg;443
Håheim;438
Haugseth;436
Hareide;436
Hopen;435
Haglund;435
Holmgren;432
Hegland;431
Hynne;430
Helgerud;430
Haugom;424
Halseth;423
Høyem;422
Hammersland;421
Hjortland;418
Heide;418
Hegg;418
Helleland;415
Holvik;413
Hellevik;413
Herstad;412
Haakonsen;406
Haugnes;399
Hausken;397
Hatlestad;395
Hystad;392
Holsen;391
Harestad;390
Husa;389
Hjørnevik;384
Hatlen;383
Hagelund;381
Hennum;379
Heyerdahl;378
Hofseth;372
Holum;370
Halstensen;365
Hægeland;363
Ho;361
Hegstad;353
Havn;353
Høgseth;351
Hoang;349
Hval;348
Heggheim;348
Hagenes;347
Halse;346
Høgset;344
Hanstad;343
Heia;339
Haugvaldstad;339
Hammervold;335
Heien;333
Helberg;331
Høiseth;330
Haugsdal;327
Hartmann;327
Hildre;325
Haarr;323
Høines;322
Høyer;321
Hebnes;320
Hatland;319
Haddeland;316
Hamnes;314
Habbestad;312
Hoddevik;311
Hurlen;309
Hotvedt;309
Haukaas;309
Hidle;308
Haarberg;308
Hindenes;307
Hille;307
Horvei;303
Hellebust;301
Hemmingsen;300
Haraldstad;300
Hall;300
Hesjedal;299
Høivik;298
Hjelvik;298
Heltne;294
Hatlem;294
Holmefjord;293
Hessen;293
Hegdal;293
Heggøy;292
Haugum;291
Hallan;291
Hveding;290
Heggernes;289
Holmvik;288
Halleland;288
Huus;287
Horten;287
Hestvik;286
Helstad;286
Høye;284
Haraldseid;284
Honningsvåg;283
Hjelseth;282
Hveem;279
Helgestad;279
Hartviksen;273
Hilde;270
Halden;269
Høgli;267
Halvorsrud;266
Harnes;265
Helgheim;264
Husevåg;263
Hordvik;263
Heggedal;262
Halleraker;262
Hølland;261
Høgberg;261
Hoffmann;261
Hagland;261
Helleren;260
Helset;259
Haveland;258
Habberstad;257
Hoseth;256
Hella;256
Hegre;256
Hartveit;256
Husum;254
Haugsvær;254
Hatlevik;254
Hjelde;253
Horntvedt;252
Hepsø;252
Hernæs;251
Hjorth;249
Hammeren;249
Høiberg;248
Holta;246
Hay;246
Høgås;245
Heimstad;244
Halsen;244
Hilstad;243
Hustveit;242
Hustoft;241
Hannestad;241
Hagberg;241
Haugo;240
Hinna;239
Haver;238
Hageland;238
Hokstad;237
Hornnes;235
Hervik;235
Haukedal;235
Hylland;233
Hodneland;233
Hollund;232
Heim;232
Hildrum;231
Herigstad;230
Hilleren;228
Høglund;227
Hannisdal;227
Haddal;227
Høydahl;226
Hjelm;226
Haukenes;226
Håpnes;224
Havik;224
Hauglid;224
Herdlevær;223
Hellstrøm;223
Hol;222
Helliesen;222
Hexeberg;221
Hovd;219
Hestenes;218
Herheim;215
Haarstad;215
Heistad;214
Hemnes;212
Hammerø;212
Helvik;211
Hellenes;211
Hvattum;210
Hoftun;209
Heggset;209
Hatteland;209
Harkestad;208
Hamborg;208
Holmstrøm;207
Hestetun;207
Hojem;206
Hallingstad;205
Husabø;204
Herfindal;204
Hellesø;204
Hasund;204
Hjulstad;203
Hevrøy;203
Havnen;203
Hallberg;203
Holmøy;202
Hoven;201
Hoset;201
Iversen;10357
Isaksen;4736
Ingebrigtsen;2985
Ingvaldsen;1061
Ingebretsen;959
Iqbal;928
Ibrahim;692
Idland;506
Irgens;446
Indrebø;420
Isachsen;411
Ismail;398
Igland;396
Ims;343
Ihle;308
Istad;299
Indergård;249
Idsø;246
Idsøe;243
Isdahl;238
Ihlen;220
Iden;216
Isdal;211
Indahl;209
Johansen;53684
Jensen;24240
Johnsen;21542
Johannessen;13941
Jacobsen;12260
Jørgensen;11722
Jakobsen;10747
Jenssen;4432
Jansen;3242
Johannesen;2821
Jonassen;2521
Johansson;2010
Johnsrud;1287
Jørstad;1038
Josefsen;850
Juliussen;771
Johnson;709
Jahren;636
Jahr;616
Jahnsen;563
Jonsson;557
Jordal;551
Jansson;496
Jæger;453
Juul;446
Jama;435
Jespersen;383
Jessen;368
Jordet;354
Jentoft;342
Juvik;326
Jevne;323
Johanson;315
Jønsson;309
Jøssang;270
Joakimsen;270
Jones;260
Justad;259
Josdal;234
Juell;226
Jensrud;226
Joa;216
Jeppesen;211
Jåsund;207
Johnstad;205
Kristiansen;24665
Karlsen;22539
Knutsen;8736
Kristoffersen;8001
Kristensen;7045
Knudsen;6589
Kvam;2234
Kolstad;2209
Kvamme;2070
Kleven;2063
Kleppe;1780
Krogstad;1677
Klausen;1673
Khan;1586
Krogh;1502
Kaspersen;1317
Kleiven;1193
Karlsson;1058
Korneliussen;1035
Kvalheim;981
Kaur;942
Kjær;925
Kaasa;903
Kvåle;835
Kvalvik;814
Kroken;796
Kopperud;744
Karlstad;695
Kvammen;687
Kittelsen;655
Karstensen;650
Kolberg;636
Kittilsen;619
Kjærstad;587
Kildal;579
Kvalsvik;568
Korsmo;567
Kjos;524
Kallevik;521
Korsnes;520
Kjeldsen;519
Kirkeby;496
Kvale;493
Karoliussen;481
Krohn;462
Kjøsnes;462
Kaland;459
Klungland;455
Kalland;454
Kjørsvik;452
Kvinge;450
Kjølstad;445
Kolnes;443
Krog;435
Kåsa;424
Kvarme;420
Kleveland;413
Kalvik;402
Klemetsen;401
Kielland;401
Kvalsund;399
Klepp;392
Kilen;384
Kruse;382
Kjerstad;378
Karlsrud;370
Kalstad;368
Kråkenes;367
Kvaal;359
Kyllingstad;356
Kallestad;355
Krane;353
Krasniqi;352
Knapstad;352
Knoph;347
Kvernmo;345
Klæboe;342
Kvande;338
Kolltveit;338
Kolstø;335
Kvalvåg;334
Kolsrud;333
Klaussen;330
Killi;330
Kvilhaug;329
Klokk;327
Kårstad;322
Kinn;321
Klette;319
Kloster;317
Kjellevold;315
Kavli;315
Kolås;312
Kile;310
Kihle;310
Koch;306
Kongshaug;305
Kalleberg;305
Kronstad;302
Kiil;301
Konradsen;300
Klingenberg;300
Kvernberg;297
Knarvik;292
Kolbjørnsen;289
Kvalnes;283
Kasin;282
Kløvstad;280
Kryger;276
Kraft;275
Kongsvik;275
Kirkerud;275
Kausar;275
Kydland;273
Koppang;273
Kaldestad;273
Kringstad;271
Kirknes;271
Korsvold;270
Kirkhus;270
Kverneland;269
Kjærvik;265
Kjelsrud;265
Kanestrøm;264
Kaupang;259
Krogsæter;257
Kjeldsberg;257
Karlson;257
Kjølberg;255
Kvalø;250
Kvandal;249
Kvamsdal;249
Krogsrud;248
Kvinnesland;247
Kvia;246
Kjelstad;243
Korsvik;233
Klev;233
Karim;232
Kofoed;228
Kleppa;228
Kleiv;227
Kind;224
Kildahl;224
Kvaløy;222
Klakegg;221
Kjørstad;219
Krosby;215
Kommedal;214
Kleiveland;214
Kapstad;214
Klungtveit;213
Kværner;210
Kjelsberg;210
Kolle;209
Koren;205
Kolseth;205
Kulseth;204
Kyvik;203
Kvello;203
Karlstrøm;203
Kjeilen;202
Kvien;200
Larsen;40135
Lund;11459
Lie;7367
Lunde;6912
Lien;6615
Ludvigsen;2769
Lorentzen;2661
Løken;2519
Løkken;2102
Langeland;2079
Lind;1907
Lian;1879
Larssen;1733
Lauritzen;1579
Lindberg;1499
Le;1419
Lervik;1367
Larsson;1351
Lande;1301
Lundberg;1209
Lid;1203
Løland;1154
Lauritsen;1143
Lia;1119
Langseth;1112
Lyngstad;1092
Lorentsen;993
Lohne;966
Lange;964
Løvås;959
Lystad;957
Liland;951
Lothe;883
Løvik;855
Lindseth;831
Lier;821
Lindstad;800
Lindgren;772
Løseth;753
Løberg;747
Lea;727
Løvdal;713
Linnerud;706
Leirvik;690
Lillebø;688
Lunden;640
Løvaas;624
Lyng;620
Lindland;614
Lindstrøm;610
Lundby;604
Løvstad;603
Loe;585
Lillevik;575
Lode;574
Lønning;570
Longva;564
Leknes;561
Lein;552
Løkke;541
Lima;537
Langerud;530
Løvseth;526
Landro;508
Lavik;506
Li;493
Landsverk;483
Løvold;476
Langås;475
Langnes;471
Landa;471
Lindahl;460
Lunder;456
Lied;456
Løvli;455
Lægreid;453
Leite;448
Lygre;440
Leine;428
Lofthus;427
Langhelle;386
Lervåg;379
Lura;378
Lysaker;373
Lundemo;370
Landmark;370
Linde;367
Lundgren;357
Løkås;354
Løyning;350
Langli;345
Liseth;343
Lassen;341
Lysø;340
Landsem;336
Løvland;335
Lium;334
Løver;330
Langvik;330
Lende;326
Lilleng;321
Leithe;321
Leistad;317
Lossius;314
Langøy;314
Langåker;313
Langø;312
Langlo;312
Lyse;308
Lindhjem;307
Lærum;306
Lilleby;306
Liknes;306
Lydersen;302
Lyngvær;300
Løvlien;298
Langmo;298
Leikvoll;292
Liabø;290
Leonhardsen;289
Log;286
Laugen;285
Lam;285
Lee;284
Lillestøl;283
Lyngmo;282
Lyssand;281
Lillegård;278
Lilletvedt;277
Leren;275
Leikanger;272
Lillejord;269
Lilleås;267
Lysgård;266
Leira;266
Langaas;266
Løset;264
Ludviksen;261
Lehne;261
Lauvås;260
Lone;259
Lieng;258
Landrø;258
Løvlie;257
Lokøy;257
Lindal;254
Lundal;253
Lindholm;253
Lillemo;252
Løkkeberg;251
Lundquist;251
Lekven;251
Lindquist;250
Lomeland;247
Leiknes;247
Lindvik;246
Langfeldt;246
Levang;245
Leirvåg;245
Løtveit;244
Langedal;243
Lindanger;242
Lynum;241
Lindås;241
Løchen;240
Liverød;239
Lundgård;238
Lehn;237
Laursen;235
Leidland;232
Linge;228
Langholm;228
Lidal;227
Låstad;226
Lenes;225
Liberg;223
Lyshaug;221
Lilleland;221
Leivestad;221
Lundh;219
Lilleberg;219
Ljosland;217
Leirdal;216
Langemyr;215
Lausund;214
Langørgen;213
Langset;213
Lundekvam;211
Lindgaard;211
Lillehagen;211
Lauten;211
Løvoll;210
Løge;209
Lerøy;209
Løvberg;205
Lilleengen;205
Langbråten;205
Lysne;203
Lilleeng;203
Lundhaug;202
Loen;202
Lindqvist;202
Liane;202
Langen;202
Laland;202
Lødemel;201
Lamo;201
Lyngås;200
Landaas;200
Lysberg;183
Moen;10494
Martinsen;8954
Mathisen;7846
Moe;6855
Myhre;5862
Mikkelsen;4360
Myklebust;4199
Madsen;3854
Mikalsen;3576
Mortensen;3556
Magnussen;3495
Monsen;2723
Møller;2188
Markussen;2033
Mæland;1905
Myrvang;1873
Marthinsen;1844
Meland;1613
Meyer;1592
Mo;1587
Myrvold;1573
Melby;1436
Mathiesen;1400
Mork;1381
Mørk;1377
Martinussen;1301
Michelsen;1248
Meling;1126
Midtbø;1031
Mohamed;1013
Myren;981
Mjelde;953
Mathiassen;949
Morken;928
Matre;838
Myhren;831
Moland;826
Michaelsen;787
Mohammed;770
Mørch;728
Melhus;724
Moberg;692
Myhr;681
Myrland;680
Melbye;639
Myrseth;630
Midtun;612
Mydland;607
Mæhlum;598
Myrvoll;595
Marcussen;595
Myhrvold;591
Moi;590
Myller;587
Marthinussen;581
Myran;561
Malik;545
Midttun;544
Markhus;527
Mjøs;509
Mahmood;500
Mohammad;498
Mundal;460
Malmin;457
Moan;455
Minde;437
Myhrer;435
Molvik;433
Mjøen;431
Moss;413
Myhra;404
Mæhle;402
Molnes;395
Mauseth;393
Myrhaug;391
Myking;390
Madland;373
Michalsen;371
Misje;369
Myre;368
Mellem;367
Malmo;366
Mellingen;364
Mykland;360
Myrstad;356
Mehus;353
Muri;352
Marken;350
Magnus;349
Molland;343
Moldestad;341
Mohn;339
Marøy;337
Mittet;335
Misund;335
Moum;333
Molstad;330
Mellum;330
Mannes;329
Minge;322
Mogstad;319
Mostad;316
Midtgård;316
Monstad;309
Melheim;307
Malm;301
Møgster;299
Moldskred;296
Munkvold;293
Moseng;291
Milde;289
Mong;281
Mikkelborg;280
Molund;277
Meek;276
Malvik;276
Melgård;275
Mentzoni;273
Moksnes;272
Molvær;271
Molde;265
Meisingset;265
Muggerud;263
Muren;262
Magnusson;262
Moholt;258
Midtskogen;255
Melsom;255
Maurstad;253
Myrene;247
Mandal;244
Marstein;243
Mossige;241
Martens;240
Myrdal;238
Mikaelsen;238
Miljeteig;237
Melum;237
Medhus;235
Melvold;234
Mehlum;234
Mohammadi;232
Merkesdal;231
Malmedal;231
Mellemstrand;229
Mæle;227
Morland;227
Marvik;227
Mohamud;225
Mehl;225
Meier;223
Myklebost;222
Mostue;221
Midthun;221
Martin;221
Mustafa;220
Maudal;220
Magerøy;220
Molteberg;219
Mandelid;219
Mongstad;218
Moa;217
Mahamed;215
Moltu;214
Mirza;214
Mæhre;209
Mogen;209
Mørland;208
Mørkved;208
Malde;208
Molden;207
Mælen;204
Moseid;202
Melberg;202
Myreng;200
Nilsen;37068
Nygård;6751
Nielsen;6169
Nguyen;5526
Næss;5288
Nilssen;3461
Nygaard;3275
Nordby;2597
Nikolaisen;2204
Nordli;1971
Ness;1839
Nesse;1816
Norheim;1633
Nordbø;1571
Nyhus;1505
Nyborg;1494
Normann;1470
Nordvik;1433
Nordahl;1433
Nilsson;1407
Nes;1356
Nymoen;1318
Nicolaisen;1196
Nyland;1155
Nyheim;1126
Nordal;1101
Norum;1095
Nordgård;1088
Nesheim;1078
Nordheim;1062
Nicolaysen;1029
Nergård;990
Nerland;975
Nordhagen;924
Nyberg;910
Nystad;907
Nesset;883
Nylund;809
Nordstrand;780
Nybø;738
Nordnes;677
Nakken;644
Netland;638
Nordberg;565
Nordseth;555
Nymo;550
Nedrebø;539
Nystuen;535
Nordås;523
Nervik;522
Neset;519
Nordstrøm;496
Nord;493
Nesje;486
Nordengen;483
Nordeng;480
Nærland;463
Nordhus;444
Nergaard;437
Nybakk;430
Nordmo;425
Nydal;423
Ngo;422
Nordeide;421
Nese;397
Nordhaug;394
Nyvoll;391
Nordskog;391
Nyhagen;387
Nysæter;383
Nordlie;383
Nordtveit;370
Norland;360
Norberg;359
Nævdal;347
Nybråten;339
Nesbø;336
Nøkleby;329
Nyrud;324
Naustdal;324
Nysveen;323
Nymark;323
Nystrøm;307
Nyquist;299
Nordanger;298
Nodland;298
Nornes;296
Norli;295
Nysæther;291
Nordsveen;287
Narum;286
Nybakken;283
Nysted;280
Nevland;280
Nerdal;278
Negård;274
Natland;271
Naas;268
Nesvik;265
Nordlien;263
Nordland;263
Nordang;261
Nesland;261
Neverdal;260
Nyseth;259
Nerhus;256
Nerheim;255
Neteland;253
Nistad;252
Nedregård;248
Næs;247
Nordlund;241
Natvik;241
Norman;240
Nerli;240
Natvig;239
Nordrum;238
Nordmark;238
Nordgaard;238
Norderhaug;234
Nordtømme;232
Njærheim;226
Noreng;225
Narvestad;225
Nærø;224
Nekstad;224
Nodeland;223
Nygren;222
Nome;222
Nereng;212
Nøttveit;209
Næsheim;209
Nyhuus;209
Nissen;208
Natås;207
Nyvold;205
Nomeland;204
Nordskag;201
Nytrøen;200
Olsen;53623
Ottesen;2205
Olaussen;1783
Olafsen;1671
Opsahl;1599
Opheim;1377
Olstad;1142
Olsson;1138
Odden;1117
Ovesen;880
Olufsen;872
Oftedal;848
Omdal;767
Omland;733
Olaisen;704
Oppedal;644
Opdal;629
Odland;612
Osmundsen;604
Ofstad;602
Ommundsen;559
Osnes;541
Osland;531
Otterlei;516
Opdahl;509
Osen;503
Opsal;486
Opedal;483
Osman;478
Omar;474
Opstad;472
Ottersen;471
Ottosen;419
Os;399
Olsvik;393
Onarheim;390
Olavesen;375
Oma;344
Oen;316
Opland;315
Otterstad;314
Omholt;309
Olden;302
Otnes;298
Ose;287
Overå;279
Ommedal;266
Onstad;256
Oterhals;251
Oppegaard;246
Olsrud;245
Oliversen;243
Ophus;241
Olesen;239
Ophaug;238
Oksnes;236
Oskarsen;235
Orre;230
Opseth;228
Obrestad;226
Olsnes;225
Ottem;224
Ohnstad;222
Oppegård;212
Orvik;211
Opgård;211
Olberg;209
Oshaug;203
Oland;201
Owren;200
Overvik;200
Pedersen;36851
Pettersen;21139
Paulsen;8650
Petersen;2083
Pham;973
Persson;912
Persen;738
Petterson;582
Pettersson;426
Phan;397
Poulsen;387
Paulsrud;381
Prytz;379
Pollestad;369
Prestegård;310
Plassen;310
Palm;283
Presthus;268
Parveen;233
Pladsen;225
Paus;218
Pilskog;215
Polden;206
Paasche;204
Pleym;203
Pihl;201
Rasmussen;7314
Rønning;5279
Ruud;4830
Rønningen;2681
Røed;1944
Reitan;1697
Riise;1630
Rustad;1604
Rød;1503
Ringstad;1486
Ramstad;1360
Robertsen;1311
Rørvik;1254
Rogne;1164
Ramberg;1082
Reiersen;954
Rusten;934
Rygh;901
Røstad;876
Reinertsen;871
Ryen;848
Røe;812
Rostad;804
Rygg;789
Ravndal;786
Riis;754
Rosland;717
Risa;697
Rise;691
Richardsen;679
Rønneberg;678
Rabben;675
Ringen;672
Rognstad;663
Roland;661
Refsnes;657
Ringdal;655
Rosseland;652
Rødland;639
Rye;637
Ree;633
Reistad;629
Roald;627
Rogstad;625
Rolland;622
Rudi;621
Risnes;614
Rekdal;601
Randen;593
Reiten;580
Remme;567
Rydland;552
Røste;530
Røen;526
Raknes;520
Risan;507
Rindal;506
Reigstad;505
Rasch;499
Rosenlund;494
Røren;489
Rosvold;486
Reime;477
Rian;475
Rødal;469
Rydningen;464
Rong;464
Revheim;462
Rolfsen;441
Røkke;440
Raaen;438
Reite;435
Remøy;425
Røvik;424
Rosenberg;421
Rolstad;414
Røsand;409
Rinde;406
Ribe;406
Rødseth;404
Rud;404
Røssland;385
Rognerud;380
Rognlien;377
Rui;372
Ranheim;367
Røberg;359
Rosnes;354
Risvik;353
Ramsvik;348
Reppen;347
Reppe;347
Røyset;345
Rokstad;344
Reinholdtsen;341
Rashid;340
Rugland;337
Refvik;334
Rein;332
Ramsland;329
Risdal;324
Røine;322
Ryland;312
Raastad;310
Rønnestad;309
Reed;303
Ring;297
Røsvik;296
Roth;294
Rønne;290
Refsdal;289
Rognmo;288
Ringvold;288
Røysland;287
Robstad;286
Rødsjø;285
Ringnes;283
Rånes;282
Røise;281
Ryan;281
Rishaug;280
Reksten;279
Rekstad;277
Røst;275
Rømo;274
Ramsdal;274
Runde;273
Roksvåg;273
Rognli;273
Ringheim;272
Rørstad;268
Ryeng;268
Rimstad;266
Rosenvinge;264
Repstad;264
Ravn;264
Rustand;260
Roos;259
Rognes;259
Rafoss;257
Risberg;256
Roen;252
Røgeberg;251
Rystad;250
Rue;248
Rovik;248
Riiser;248
Røv;246
Røkenes;246
Rist;246
Rikardsen;245
Remmen;245
Ranum;242
Røyrvik;238
Rørtveit;238
Rikstad;238
Rossebø;237
Robberstad;236
Raa;236
Rongved;231
Refsland;228
Ravnås;226
Raja;225
Ræstad;223
Rakvåg;222
Refseth;216
Røhne;214
Rynning;213
Romundstad;212
Rognan;212
Rekkedal;212
Rolandsen;211
Rokne;211
Rønhovde;210
Rundhaug;210
Ramsøy;210
Rossland;209
Rodal;208
Røyland;207
Rudolfsen;207
Røsnes;205
Ramfjord;204
Røneid;203
Rykkje;203
Romstad;203
Risøy;202
Rana;202
Sørensen;10840
Svendsen;10289
Strand;9819
Solberg;9716
Solheim;6711
Sæther;5999
Simonsen;5671
Sivertsen;5608
Sandvik;5083
Strøm;4512
Sunde;3627
Steen;3229
Sætre;2997
Solli;2883
Samuelsen;2878
Sveen;2722
Sandnes;2676
Syversen;2591
Solvang;2556
Solbakken;2501
Sørlie;2447
Stokke;2437
Sand;2394
Sandberg;2286
Sande;2160
Stene;2138
Slettebakk;84
Sletten;2136
Skoglund;2044
Stensrud;2021
Syvertsen;1928
Simensen;1875
Solem;1854
Stenberg;1796
Skaar;1775
Skaug;1726
Sund;1724
Smith;1626
Solhaug;1549
Salvesen;1515
Stangeland;1514
Sørli;1497
Sørum;1471
Steffensen;1461
Skogen;1400
Stenersen;1373
Skår;1367
Sundby;1364
Skeie;1278
Strømme;1220
Sæbø;1218
Skjæveland;1216
Sagen;1197
Strømmen;1196
Seim;1196
Skogstad;1169
Søvik;1144
Skar;1138
Solstad;1122
Schei;1121
Singh;1101
Sæter;1086
Stensland;1086
Svensen;1083
Steinsland;1080
Stenseth;1037
Sollie;996
Svensson;977
Solum;963
Selnes;961
Sjursen;953
Sundal;934
Skog;920
Standal;915
Storvik;914
Stølen;898
Sørheim;895
Sæthre;889
Storhaug;887
Sandal;875
Straume;864
Strømsnes;839
Salte;837
Stubberud;834
Skogheim;832
Søberg;821
Skretting;804
Sannes;795
Storli;794
Sanden;786
Skare;753
Sæle;748
Søyland;745
Sundt;735
Stokkeland;729
Stokka;729
Steine;728
Severinsen;716
Schjølberg;706
Stormo;704
Skaret;704
Schmidt;690
Sveum;685
Salomonsen;685
Sundet;681
Sandvold;664
Søreide;656
Smestad;655
Skogli;655
Sandøy;655
Sylte;647
Storsveen;639
Søreng;632
Stang;627
Schrøder;622
Støle;619
Skjold;617
Skjelbred;615
Smedsrud;614
Stien;608
Sørbø;603
Skagen;595
Sørgård;592
Sollid;590
Skrede;590
Stensby;587
Svarstad;580
Sørvik;578
Sollien;572
Sortland;556
Steinsvik;551
Skulstad;551
Skau;548
Skjerve;541
Soltvedt;538
Sørby;537
Selvik;535
Strande;532
Solås;526
Sele;526
Størseth;525
Sandmo;522
Stenhaug;521
Stranden;513
Stiansen;511
Seland;511
Stamnes;503
Schjelderup;501
Skauge;500
Semb;500
Sara;500
Stensen;496
Steinnes;496
Sjøberg;493
Schau;491
Sandven;488
Skorpen;487
Sørdal;484
Solsvik;476
Sletvold;473
Svenning;472
Sundberg;470
Sjølie;467
Stave;466
Sævik;457
Sandstad;457
Sharma;453
Skjønhaug;452
Sanne;443
Skarstein;439
Skogmo;438
Sjåstad;436
Solbakk;434
Stabell;431
Solvik;430
Sommer;429
Slettebø;428
Skjerven;428
Sandbakken;424
Smeby;422
Syrstad;421
Sjøli;421
Skage;420
Skogly;416
Sommerseth;413
Stornes;412
Schultz;412
Skeide;411
Støen;410
Sandaker;409
Sola;404
Skjelstad;403
Sømme;402
Sem;401
Strømstad;398
Stordal;396
Storesund;394
Sønsteby;392
Svenningsen;392
Stein;392
Stølan;391
Sjøvold;391
Sagstad;390
Stange;389
Stigen;384
Schøyen;384
Skei;382
Sletta;381
Sørhaug;377
Storøy;377
Sakshaug;377
Seglem;372
Strømnes;370
Stava;370
Sjo;369
Slåen;367
Sigurdsen;366
Sødal;357
Sandum;357
Sørnes;355
Sperre;355
Sandanger;354
Steiro;353
Skogland;353
Silseth;353
Samdal;352
Sølvberg;351
Svingen;350
Storebø;347
Skogseth;347
Saga;345
Stray;344
Schjetne;343
Slinning;342
Salamonsen;341
Strømberg;339
Stavik;337
Sommerstad;337
Skorstad;336
Sandø;335
Soleng;334
Skjærvik;333
Sandbæk;333
Støa;331
Sture;331
Sævareid;327
Svela;327
Skullerud;327
Sirevåg;327
Sigvartsen;327
Skjetne;324
Støylen;323
Shah;323
Svindland;322
Stendal;321
Saltnes;320
Schou;319
Sverdrup;317
Sørhus;311
Stenerud;311
Stav;310
Sogn;310
Svardal;309
Skjong;308
Saur;307
Søfteland;304
Stensvold;304
Sangolt;304
Svendsrud;303
Skotnes;303
Serigstad;303
Søgård;301
Skjørestad;301
Selmer;301
Sletner;300
Soldal;299
Sundli;296
Soma;296
Skarbø;296
Skråmestø;295
Sandve;295
Sagmo;295
Synnes;293
Skistad;293
Stavrum;292
Saue;292
Saleh;291
Sæterdal;289
Svensli;289
Sekse;289
Sporsheim;288
Solvoll;287
Selvåg;287
Stålesen;286
Sagbakken;286
Saastad;286
Skinstad;285
Skaugen;285
Skauen;285
Said;284
Storås;283
Stormoen;283
Stadheim;281
Seierstad;281
Sæterbø;280
Storm;280
Sharif;280
Slette;279
Skjæret;279
Singstad;279
Sakariassen;279
Sparby;277
Smørdal;276
Sirnes;276
Sandersen;274
Styve;273
Skadberg;273
Sandsmark;273
Sæternes;272
Søiland;271
Skramstad;271
Skovly;271
Stjern;269
Sleire;268
Sundnes;267
Slyngstad;266
Silden;266
Sander;266
Sandvoll;265
Sandtorv;265
Sjøen;264
Sandbakk;264
Svenkerud;263
Svanes;263
Sørmo;262
Seljeseth;262
Sætran;261
Storheim;261
Stokland;261
Søbstad;260
Staff;259
Sørland;258
Skoge;258
Scheie;257
Sundseth;255
Skåre;254
Skansen;254
Salberg;254
Stavnes;253
Skjevik;253
Skinnes;253
Sagstuen;253
Sviland;252
Stokkan;252
Sværen;250
Sellæg;250
Stordahl;248
Stavland;248
Sælen;247
Sneve;246
Skarstad;246
Sikveland;246
Sylta;244
Storeide;244
Skjelvik;244
Solstrand;243
Skram;243
Skevik;242
Skavhaug;242
Størkersen;241
Stokstad;241
Stenvik;241
Slettum;241
Sellevold;241
Sjøgren;240
Sevaldsen;240
Selstad;240
Skogvold;239
Søgaard;238
Soltveit;238
Sønsterud;237
Stavenes;237
Skjervold;237
Shala;237
Skålevik;235
Størdal;234
Strandheim;234
Skjærstad;234
Seppola;234
Sætren;232
Staven;232
Sinnes;232
Sommervold;231
Slåtten;231
Skretteberg;231
Skogsrud;231
Skjolden;231
Schie;231
Schanke;231
Sætra;229
Sjøvoll;228
Sæverud;227
Svanberg;226
Smistad;226
Selle;226
Starheim;225
Sjåvik;225
Schanche;225
Søderholm;222
Schjerven;222
Suhr;221
Skjølberg;221
Skårdal;220
Skøien;219
Skagestad;218
Strandberg;217
Sandland;217
Stokken;215
Skotte;215
Sheikh;215
Sandli;215
Smedstad;214
Skaare;214
Sandvær;214
Sviggum;212
Skille;212
Strømsvåg;211
Stephansen;211
Somby;211
Skjerping;211
Salbu;211
Sundgot;210
Smeland;210
Skogvoll;210
Størksen;209
Stuen;208
Stormark;208
Solevåg;208
Skjønberg;208
Sjøthun;208
Samnøy;208
Søndenå;207
Sekkingstad;207
Sønstebø;206
Sætermo;206
Sæland;206
Systad;206
Stenstad;206
Seeberg;206
Sveberg;205
Svee;204
Spilde;204
Sundstrøm;203
Skomedal;203
Skjeggestad;203
Skarsvåg;203
Stormyr;202
Stavem;201
Skurdal;201
Skuland;201
Sundland;200
Skårland;200
Skailand	200
Thomassen;5691
Thorsen;5002
Tangen;4432
Tveit;3925
Thoresen;3751
Torgersen;3580
Tran;2342
Tollefsen;2327
Torp;2243
Teigen;2205
Tønnessen;2017
Tvedt;1971
Thorvaldsen;1600
Thorstensen;1563
Thorbjørnsen;1507
Tveiten;1165
Tobiassen;1162
Thorkildsen;1109
Tandberg;1053
Tønnesen;1006
Thomsen;995
Trondsen;968
Torsvik;951
Totland;908
Toft;890
Tellefsen;846
Tronstad;782
Tveter;779
Torkildsen;773
Teigland;696
Torvik;620
Terjesen;600
Thune;588
Tufte;574
Thon;574
Thue;554
Taraldsen;550
Tofte;549
Tharaldsen;545
Tjelta;530
Tiller;495
Teige;494
Trøen;493
Tengesdal;492
Torkelsen;463
Telle;450
Taule;450
Theodorsen;447
Tysse;444
Tveten;439
Tveito;433
Tafjord;428
Torjussen;424
Thu;423
Tomren;419
Tonning;414
Torvund;412
Torstensen;412
Turøy;397
Tømmerås;391
Trones;388
Tveitan;383
Tomter;374
Tangstad;372
Torbjørnsen;371
Tunheim;369
Tjøstheim;365
Thorsrud;359
Tveita;355
Tallaksen;355
Teien;353
Thommesen;349
Thøgersen;340
Trøan;338
Torheim;336
Tande;334
Tømte;333
Torbergsen;333
Tornes;329
Torset;328
Tøllefsen;327
Tjemsland;313
Truong;312
Tønder;302
Tvete;301
Trønnes;298
Thunes;294
Thorud;283
Trulsen;280
Trengereid;280
Tveite;278
Tøndel;276
Thygesen;276
Thompson;274
Tidemann;272
Tysnes;271
Trydal;271
Tjessem;271
Tonheim;266
Tronrud;264
Tetlie;262
Torland;261
Thorgersen;260
Taranger;260
Taksdal;255
Tungland;253
Thomas;253
Thoen;247
Tjøsvoll;245
Tokle;244
Trana;243
Takle;239
Todal;238
Teig;237
Tessem;235
Todnem;232
Takvam;232
Tøsse;231
Træet;231
Tokerud;231
Throndsen;230
Thorsø;227
Tverberg;226
Thrane;226
Tønsberg;224
Thorshaug;221
Tuft;218
Tjelle;218
Toresen;217
Tesdal;212
Tømmervik;211
Tyldum;208
Tangerud;207
Tørstad;206
Tverå;205
Tvedten;205
Thuen;205
Tvenge;204
Tufteland;204
Thingstad;204
Tjøtta;203
Tenold;203
Tjore;202
Tandstad;200
Talberg;200
Ueland;964
Undheim;892
Ulriksen;856
Utne;638
Ulvestad;631
Urdal;576
Ulstein;511
Ugland;427
Urke;410
Ulseth;359
Utheim;354
Ulven;324
Utsi;313
Ustad;311
Ulleberg;292
Utvik;288
Ulvund;284
Uthus;248
Utgård;244
Ulset;240
Ulvik;223
Ulland;222
Uthaug;219
Undrum;218
Ullestad;216
Ursin;210
Unhjem;210
Ulvin;205
Urstad;204
Underhaug;202
Utnes;201
Vik;4772
Viken;2257
Vold;1779
Vatne;1489
Volden;1369
Vangen;1358
Våge;1259
Vinje;1073
Vågen;930
Voll;865
Valle;840
Vikan;792
Valen;786
Vollan;785
Vedvik;701
Vestli;686
Vestby;628
Vang;628
Vatland;591
Vo;563
Vestre;543
Veland;513
Vindenes;510
Vu;499
Valderhaug;498
Vaage;496
Vikse;474
Vartdal;460
Vestad;440
Valstad;432
Vagle;424
Vangsnes;410
Venås;394
Vårdal;387
Vågenes;387
Vea;379
Viste;374
Vestbø;374
Varhaug;374
Værnes;371
Vestvik;363
Vabø;358
Vigdal;351
Vigre;346
Vassbotn;340
Vie;339
Velde;334
Veum;332
Valvik;332
Vika;331
Vike;316
Vatn;307
Velle;304
Vedal;303
Voldsund;297
Vistnes;294
Valberg;292
Vatle;290
Vollen;289
Visnes;289
Vogt;288
Vallestad;281
Vikøren;275
Vedå;275
Vestrheim;265
Valseth;263
Vevle;261
Vorland;258
Vedøy;257
Vestly;255
Vist;250
Vetrhus;241
Villanger;238
Vestøl;237
Valla;235
Valland;229
Viddal;226
Vikane;225
Vassdal;225
Vonheim;222
Volle;222
Veiby;221
Valø;221
Vaksdal;220
Vestnes;217
Valde;217
Vanvik;214
Våga;211
Vilhelmsen;207
Vikanes;207
Vevang;202
Vegsund;201
Wold;3428
Wilhelmsen;3175
Wiik;2396
Wang;2063
Waage;1493
Wiig;1232
Westby;1019
Winther;972
Wahl;922
Wik;906
Wangen;862
Walle;754
Wathne;669
Westgaard;540
Werner;540
Wergeland;526
Westgård;516
Westbye;500
Willumsen;492
Waaler;479
Wessel;477
Wolden;451
Wiggen;447
Wilberg;434
Westad;434
Wilson;418
Winge;397
Westrum;346
Woll;338
Winsnes;334
Wallin;332
Wærnes;327
Walderhaug;323
Wennberg;317
Walstad;317
With;301
Wien;299
Wroldsen;289
Westlie;288
Willassen;283
Worren;282
Wiborg;275
Welde;273
Williams;272
Weiseth;270
Wangberg;270
Winje;267
Wiken;260
Wikstrøm;256
Westberg;248
Wulff;247
Wickstrøm;246
Wisløff;241
Wiklund;240
Walseth;240
Wibe;239
Weum;239
Warsame;237
Westerheim;232
Woldseth;231
Wøien;230
Weberg;230
Wahlstrøm;230
Wollan;228
Wille;226
Warholm;226
Winger;225
Wisth;224
Westerlund;223
Welle;223
Wist;220
Wennevold;219
Wie;211
Wright;210
Wetteland;209
Wanvik;209
Walberg;205
Wolff;200
Yndestad;358
Yusuf;313
Ytreland;270
Yttervik;250
Ytterstad;236
Yilmaz;214
Yildiz;206
Zachariassen;569
Zakariassen;399
Zahl;365
Zhang;218
Zimmermann;217
Ødegård;4504
Ødegaard;2378
Øien;2158
Østby;2017
Øverland;1521
Økland;1370
Øyen;1324
Øvrebø;1202
Øye;1019
Øverby;1006
Østensen;954
Østrem;934
Øygarden;798
Øen;751
Østli;726
Øren;710
Øverås;604
Østgård;596
Øverli;581
Øvergård;574
Øie;542
Østbye;520
Østvold;509
Østbø;473
Øksnes;473
Østerhus;451
Øygard;437
Østebø;436
Østhus;419
Østlie;380
Østmo;351
Østberg;351
Østvik;343
Ødegården;330
Øvretveit;329
Øglænd;303
Østerbø;299
Øwre;291
Øvergaard;287
Østgaard;285
Øverbø;283
Øyan;280
Østerås;272
Øvrelid;256
Øvereng;252
Øvstedal;250
Øvsthus;246
Østerud;246
Øiestad;246
Øiseth;240
Øvstebø;236
Østreng;230
Østlund;227
Østenstad;213
Østvang;209
Ølberg;209
Ørbeck;208
Øksendal;205
Øines;203
Ørmen;201
Åsheim;982
Åsen;668
Årdal;424
Åsland;352
Ådland;316
Årvik;298
Årnes;280
Årseth;276
Ås;249
Ånensen;248
Åkre;247
Åmodt;234
Ånestad;223
Åsebø;218
Ågotnes;215
